date,avg_temp_c,avg_humidity_percent,total_rain_mm,max_wind_kmh
2020-01-01,6.3,90,0.0,10.1
2020-01-02,9.5,85,0.0,10.4
2020-01-03,11.4,77,0.0,9.6
2020-01-04,10.6,80,0.2,10.2
2020-01-05,10.4,82,1.0,8.6
2020-01-06,9.9,89,13.1,10.9
2020-01-07,10.7,96,3.4,6.9
2020-01-08,9.6,86,0.1,10.7
2020-01-09,8.7,81,0.0,10.2
2020-01-10,9.1,74,0.0,12.7
2020-01-11,9.7,75,0.0,9.1
2020-01-12,12.5,69,0.1,11.9
2020-01-13,10.2,88,14.2,20.3
2020-01-14,9.5,85,0.0,9.8
2020-01-15,9.9,77,0.0,10.9
2020-01-16,10.0,84,0.0,9.5
2020-01-17,9.9,86,0.0,8.4
2020-01-18,10.7,81,0.0,11.9
2020-01-19,10.3,86,0.0,10.4
2020-01-20,12.7,73,0.3,10.3
2020-01-21,12.0,77,0.4,14.4
2020-01-22,11.5,70,0.0,15.0
2020-01-23,10.9,67,0.0,15.3
2020-01-24,11.1,64,0.0,12.9
2020-01-25,12.0,73,1.1,9.7
2020-01-26,12.6,74,0.0,8.7
2020-01-27,11.8,84,7.7,16.5
2020-01-28,11.8,92,16.4,16.8
2020-01-29,11.5,87,3.1,15.0
2020-01-30,10.3,85,0.0,10.2
2020-01-31,10.1,80,0.0,10.6
2020-02-01,11.3,76,0.3,9.1
2020-02-02,11.6,74,0.0,11.0
2020-02-03,11.6,72,0.0,9.4
2020-02-04,9.7,85,1.5,10.1
2020-02-05,10.3,78,0.0,11.8
2020-02-06,11.1,71,0.0,9.0
2020-02-07,11.9,72,0.0,10.8
2020-02-08,11.9,73,0.0,10.5
2020-02-09,13.5,70,0.0,8.4
2020-02-10,13.3,69,0.0,10.8
2020-02-11,13.6,72,0.0,9.7
2020-02-12,15.2,68,0.1,18.9
2020-02-13,16.8,65,0.0,16.7
2020-02-14,16.1,55,0.0,19.2
2020-02-15,15.9,46,0.0,15.1
2020-02-16,16.1,56,0.0,11.6
2020-02-17,15.9,46,0.0,15.9
2020-02-18,16.2,41,0.0,13.3
2020-02-19,16.8,57,0.4,25.3
2020-02-20,16.3,78,3.6,28.8
2020-02-21,16.1,80,0.7,18.2
2020-02-22,16.2,76,0.0,10.7
2020-02-23,18.0,66,0.0,10.8
2020-02-24,17.9,61,0.0,11.1
2020-02-25,18.6,58,0.0,12.5
2020-02-26,19.2,62,0.0,11.7
2020-02-27,19.5,75,0.0,12.3
2020-02-28,19.3,78,0.5,27.1
2020-02-29,17.2,84,21.3,22.6
2020-03-01,17.5,80,0.8,16.3
2020-03-02,18.1,72,0.0,8.6
2020-03-03,18.3,68,0.0,9.7
2020-03-04,18.1,69,0.0,13.8
2020-03-05,15.8,86,11.3,25.0
2020-03-06,14.6,91,23.2,26.9
2020-03-07,14.5,88,1.5,16.9
2020-03-08,15.7,81,0.0,13.2
2020-03-09,15.6,68,0.0,16.6
2020-03-10,16.0,70,0.0,9.7
2020-03-11,15.0,81,19.0,25.1
2020-03-12,16.8,79,20.3,30.4
2020-03-13,14.8,84,17.9,20.3
2020-03-14,14.5,88,5.3,14.5
2020-03-15,15.4,79,0.0,10.0
2020-03-16,17.0,76,0.0,9.8
2020-03-17,18.7,73,0.0,10.8
2020-03-18,19.4,75,0.8,12.8
2020-03-19,19.8,72,0.0,9.8
2020-03-20,19.8,76,1.4,11.7
2020-03-21,19.7,76,0.4,13.3
2020-03-22,20.1,64,0.0,10.6
2020-03-23,21.5,64,0.0,9.0
2020-03-24,20.7,77,2.8,15.5
2020-03-25,19.9,75,0.0,10.0
2020-03-26,20.9,68,0.0,15.2
2020-03-27,17.8,91,21.7,25.8
2020-03-28,18.5,77,0.7,15.8
2020-03-29,19.3,71,0.0,13.8
2020-03-30,20.0,65,0.0,12.0
2020-03-31,19.0,74,2.6,19.4
2020-04-01,20.3,68,0.0,18.2
2020-04-02,20.0,61,0.0,16.0
2020-04-03,20.2,60,0.0,14.3
2020-04-04,22.0,56,0.0,9.0
2020-04-05,22.3,62,0.4,17.8
2020-04-06,22.1,62,0.0,14.6
2020-04-07,21.2,64,0.2,21.8
2020-04-08,21.7,60,0.0,11.7
2020-04-09,23.8,52,0.0,9.5
2020-04-10,25.0,49,0.0,17.3
2020-04-11,25.5,51,0.0,11.6
2020-04-12,27.1,45,0.0,12.0
2020-04-13,28.2,48,0.0,15.1
2020-04-14,28.3,51,0.2,20.4
2020-04-15,29.2,40,0.1,20.3
2020-04-16,28.8,39,0.0,15.2
2020-04-17,24.3,56,7.4,19.6
2020-04-18,22.5,67,4.8,25.2
2020-04-19,23.7,59,0.0,17.8
2020-04-20,23.8,55,0.0,19.3
2020-04-21,23.7,56,0.2,15.6
2020-04-22,25.8,49,0.0,11.0
2020-04-23,27.2,45,0.0,9.8
2020-04-24,28.5,39,0.0,9.2
2020-04-25,27.4,45,0.0,13.2
2020-04-26,26.2,56,3.5,19.1
2020-04-27,25.0,64,1.4,28.7
2020-04-28,26.0,59,0.1,14.8
2020-04-29,28.8,49,0.1,8.8
2020-04-30,29.8,42,0.4,18.0
2020-05-01,31.2,35,0.0,11.2
2020-05-02,30.2,46,0.1,26.4
2020-05-03,26.3,61,3.1,31.1
2020-05-04,26.8,59,0.0,10.9
2020-05-05,27.5,48,1.1,17.6
2020-05-06,26.7,45,0.2,21.6
2020-05-07,27.7,44,0.0,13.7
2020-05-08,30.4,36,0.0,10.3
2020-05-09,31.0,37,0.0,35.5
2020-05-10,30.8,39,0.0,36.2
2020-05-11,29.7,46,0.1,21.6
2020-05-12,29.7,46,0.0,11.4
2020-05-13,29.5,48,0.2,16.6
2020-05-14,26.6,61,0.6,23.5
2020-05-15,28.3,50,0.0,17.1
2020-05-16,30.0,42,0.0,17.0
2020-05-17,30.6,31,0.0,16.7
2020-05-18,30.4,29,0.0,13.6
2020-05-19,29.1,29,0.2,22.7
2020-05-20,30.8,28,0.0,15.8
2020-05-21,33.0,24,0.0,18.2
2020-05-22,34.0,26,0.0,11.2
2020-05-23,34.7,26,0.0,21.5
2020-05-24,34.3,26,0.0,15.8
2020-05-25,35.0,25,0.0,18.0
2020-05-26,35.7,23,0.0,13.3
2020-05-27,35.5,26,0.0,21.1
2020-05-28,33.3,34,0.1,43.4
2020-05-29,30.1,52,0.3,31.2
2020-05-30,27.0,68,11.6,21.6
2020-05-31,26.4,68,1.3,17.4
2020-06-01,27.1,62,0.1,13.5
2020-06-02,28.2,58,0.0,12.7
2020-06-03,28.7,55,0.2,23.4
2020-06-04,30.0,48,0.0,15.6
2020-06-05,29.9,47,0.0,19.6
2020-06-06,27.9,60,0.6,24.0
2020-06-07,29.0,58,1.5,8.9
2020-06-08,31.6,51,0.0,12.0
2020-06-09,32.6,50,0.2,21.2
2020-06-10,32.7,52,0.0,11.9
2020-06-11,33.1,51,0.0,15.6
2020-06-12,33.5,47,0.0,17.2
2020-06-13,32.5,45,0.0,23.2
2020-06-14,33.9,40,0.0,14.0
2020-06-15,34.9,34,0.0,13.4
2020-06-16,34.6,35,0.0,13.4
2020-06-17,35.5,33,0.0,12.4
2020-06-18,36.1,35,0.0,13.4
2020-06-19,35.7,41,0.0,23.7
2020-06-20,35.0,43,0.0,19.6
2020-06-21,35.5,41,0.0,26.8
2020-06-22,34.1,52,0.0,20.9
2020-06-23,34.5,52,0.0,17.9
2020-06-24,33.1,58,0.9,17.4
2020-06-25,30.8,70,4.9,11.9
2020-06-26,31.7,63,0.8,10.0
2020-06-27,33.5,60,0.8,7.5
2020-06-28,34.2,59,0.3,20.4
2020-06-29,32.7,62,7.8,17.0
2020-06-30,32.8,63,0.0,13.5
2020-07-01,32.7,64,3.8,11.6
2020-07-02,35.0,55,0.0,12.4
2020-07-03,36.4,51,0.0,16.6
2020-07-04,33.9,60,9.8,20.3
2020-07-05,29.3,72,10.9,21.6
2020-07-06,30.6,65,0.0,8.8
2020-07-07,31.7,64,0.0,15.0
2020-07-08,29.7,70,0.4,20.6
2020-07-09,31.3,68,0.0,8.4
2020-07-10,33.5,59,0.0,17.6
2020-07-11,32.6,63,1.0,15.3
2020-07-12,30.8,69,6.3,17.2
2020-07-13,30.5,70,0.0,7.9
2020-07-14,32.4,64,0.1,10.0
2020-07-15,32.6,67,1.1,17.9
2020-07-16,31.5,69,0.7,14.8
2020-07-17,31.6,70,0.4,15.2
2020-07-18,31.8,72,2.4,12.2
2020-07-19,31.9,72,0.2,12.4
2020-07-20,30.3,75,5.8,13.3
2020-07-21,26.4,85,15.2,17.9
2020-07-22,27.7,77,0.1,9.8
2020-07-23,29.5,72,0.0,10.0
2020-07-24,30.7,69,0.1,15.1
2020-07-25,30.9,70,0.0,13.5
2020-07-26,31.4,69,0.0,13.0
2020-07-27,32.2,68,1.2,8.9
2020-07-28,33.9,59,0.0,9.2
2020-07-29,33.0,67,0.0,15.5
2020-07-30,30.0,76,4.7,21.1
2020-07-31,30.5,73,8.9,16.9
2020-08-01,30.7,75,6.8,13.6
2020-08-02,32.0,70,0.1,10.0
2020-08-03,33.0,66,0.0,12.9
2020-08-04,32.9,67,0.0,12.9
2020-08-05,33.1,67,0.0,18.0
2020-08-06,31.6,70,0.0,14.6
2020-08-07,32.2,64,0.0,20.0
2020-08-08,32.4,65,0.0,10.5
2020-08-09,30.9,79,23.7,10.1
2020-08-10,30.4,82,6.1,13.6
2020-08-11,30.8,79,3.7,10.7
2020-08-12,32.3,74,2.3,17.1
2020-08-13,30.9,77,0.1,19.8
2020-08-14,30.2,73,1.6,17.2
2020-08-15,31.3,70,0.7,13.4
2020-08-16,31.7,70,1.2,13.4
2020-08-17,31.7,73,0.2,13.8
2020-08-18,32.2,72,2.6,13.8
2020-08-19,30.7,78,17.0,18.2
2020-08-20,27.4,86,4.8,20.2
2020-08-21,27.5,85,2.9,13.8
2020-08-22,28.8,78,0.0,7.1
2020-08-23,29.7,75,0.8,10.1
2020-08-24,30.4,72,0.4,11.4
2020-08-25,30.0,74,1.0,15.3
2020-08-26,28.9,83,4.2,18.1
2020-08-27,28.4,82,6.3,10.9
2020-08-28,27.7,85,12.9,8.8
2020-08-29,28.7,78,0.3,6.9
2020-08-30,29.3,77,1.6,12.9
2020-08-31,28.9,77,6.7,19.4
2020-09-01,29.0,74,1.3,22.2
2020-09-02,29.1,79,2.7,12.9
2020-09-03,28.7,82,13.0,12.3
2020-09-04,26.7,91,22.7,12.4
2020-09-05,27.9,88,12.4,7.2
2020-09-06,28.4,84,1.1,8.8
2020-09-07,28.8,79,0.0,8.2
2020-09-08,29.7,76,0.0,7.4
2020-09-09,30.1,75,0.0,7.6
2020-09-10,30.3,74,0.0,10.5
2020-09-11,30.1,69,0.0,9.1
2020-09-12,30.5,68,0.0,9.7
2020-09-13,30.8,64,0.0,7.9
2020-09-14,30.7,62,0.0,10.7
2020-09-15,31.4,63,0.0,11.3
2020-09-16,32.0,61,0.0,13.8
2020-09-17,32.2,59,0.0,10.5
2020-09-18,31.6,63,0.0,9.4
2020-09-19,31.4,59,0.0,10.1
2020-09-20,30.8,58,0.0,16.7
2020-09-21,31.0,55,0.0,12.0
2020-09-22,31.4,54,0.0,6.9
2020-09-23,30.9,59,0.0,9.3
2020-09-24,30.8,60,0.0,15.8
2020-09-25,30.6,54,0.0,12.2
2020-09-26,28.7,50,0.0,14.2
2020-09-27,29.3,50,0.0,14.6
2020-09-28,29.0,54,0.0,10.1
2020-09-29,28.4,55,0.0,11.0
2020-09-30,28.3,54,0.0,11.5
2020-10-01,28.5,53,0.0,9.3
2020-10-02,27.9,48,0.0,11.8
2020-10-03,27.9,45,0.0,12.3
2020-10-04,27.4,48,0.0,14.2
2020-10-05,26.9,54,0.0,13.7
2020-10-06,27.4,51,0.0,10.2
2020-10-07,27.7,48,0.0,13.0
2020-10-08,27.6,44,0.0,11.3
2020-10-09,28.0,46,0.0,11.5
2020-10-10,27.7,52,0.0,13.3
2020-10-11,26.8,51,0.0,14.3
2020-10-12,27.4,44,0.0,9.7
2020-10-13,27.7,45,0.0,12.5
2020-10-14,26.6,48,0.0,14.1
2020-10-15,25.9,43,0.0,13.2
2020-10-16,25.7,42,0.0,11.4
2020-10-17,25.7,40,0.0,11.5
2020-10-18,25.7,39,0.0,13.3
2020-10-19,25.0,40,0.0,11.2
2020-10-20,24.8,35,0.0,11.5
2020-10-21,25.0,39,0.0,11.1
2020-10-22,24.1,44,0.0,12.9
2020-10-23,23.9,47,0.0,9.2
2020-10-24,24.2,48,0.0,9.7
2020-10-25,24.3,40,0.0,15.2
2020-10-26,23.2,43,0.0,12.3
2020-10-27,22.0,43,0.0,9.2
2020-10-28,22.0,47,0.0,9.5
2020-10-29,22.6,45,0.0,9.3
2020-10-30,22.2,51,0.0,17.9
2020-10-31,20.8,45,0.0,15.1
2020-11-01,21.2,42,0.0,10.4
2020-11-02,22.2,31,0.0,10.8
2020-11-03,21.2,42,0.0,10.3
2020-11-04,21.5,49,0.0,9.4
2020-11-05,21.1,47,0.0,8.8
2020-11-06,20.9,51,0.0,12.5
2020-11-07,20.7,50,0.0,12.9
2020-11-08,20.3,48,0.0,9.5
2020-11-09,20.4,55,0.0,9.9
2020-11-10,20.3,57,0.0,10.5
2020-11-11,20.1,60,0.0,8.6
2020-11-12,19.7,59,0.0,9.4
2020-11-13,19.5,61,0.0,10.0
2020-11-14,18.8,68,0.0,11.6
2020-11-15,16.7,76,5.5,17.7
2020-11-16,16.3,81,1.2,14.3
2020-11-17,16.2,66,0.0,10.8
2020-11-18,14.9,62,0.0,9.7
2020-11-19,15.6,56,0.0,9.0
2020-11-20,15.6,57,0.0,16.9
2020-11-21,14.4,52,0.0,12.2
2020-11-22,14.1,56,0.0,10.6
2020-11-23,15.4,60,0.0,9.4
2020-11-24,17.3,59,0.0,17.7
2020-11-25,15.3,74,3.1,13.4
2020-11-26,15.2,70,0.0,11.4
2020-11-27,15.5,64,0.0,13.3
2020-11-28,14.8,59,0.0,11.5
2020-11-29,15.0,66,0.0,9.0
2020-11-30,15.6,70,0.0,10.1
2020-12-01,17.2,66,0.0,7.7
2020-12-02,17.0,71,0.0,9.3
2020-12-03,17.4,71,0.0,7.6
2020-12-04,17.3,74,0.0,9.7
2020-12-05,18.1,71,0.0,12.1
2020-12-06,18.0,75,0.0,8.7
2020-12-07,17.4,71,0.0,10.0
2020-12-08,16.3,68,0.0,12.2
2020-12-09,15.6,76,1.3,12.7
2020-12-10,16.1,74,0.0,10.6
2020-12-11,14.5,72,2.7,20.0
2020-12-12,13.4,78,5.0,9.7
2020-12-13,12.0,82,0.0,8.9
2020-12-14,11.4,78,0.0,10.1
2020-12-15,10.5,79,0.0,9.8
2020-12-16,9.6,80,0.0,9.6
2020-12-17,9.2,69,0.0,11.0
2020-12-18,9.4,67,0.0,11.5
2020-12-19,9.9,67,0.0,10.8
2020-12-20,11.8,68,0.0,10.9
2020-12-21,13.0,72,0.0,10.3
2020-12-22,12.6,74,0.0,9.8
2020-12-23,13.1,74,0.0,6.6
2020-12-24,12.1,78,0.0,7.4
2020-12-25,11.6,80,0.0,9.2
2020-12-26,10.5,85,0.0,7.9
2020-12-27,9.4,91,6.2,15.2
2020-12-28,9.7,74,0.0,14.5
2020-12-29,8.6,78,0.0,11.4
2020-12-30,8.7,77,0.0,9.5
2020-12-31,8.2,83,0.0,11.1
2021-01-01,9.3,80,0.0,9.5
2021-01-02,9.8,86,2.6,11.7
2021-01-03,13.9,87,2.4,15.3
2021-01-04,15.4,88,11.2,15.5
2021-01-05,15.0,93,23.1,20.5
2021-01-06,14.1,90,0.3,20.4
2021-01-07,12.2,91,0.0,8.9
2021-01-08,12.4,87,0.0,8.8
2021-01-09,10.9,86,0.0,9.9
2021-01-10,9.7,89,0.0,9.7
2021-01-11,10.2,88,0.0,7.0
2021-01-12,9.4,91,0.0,7.6
2021-01-13,8.3,90,0.0,6.5
2021-01-14,8.5,91,0.0,9.2
2021-01-15,9.5,91,0.0,5.4
2021-01-16,8.4,95,0.0,6.2
2021-01-17,8.4,90,0.0,11.9
2021-01-18,11.1,89,0.0,11.2
2021-01-19,12.0,85,0.0,9.2
2021-01-20,12.4,83,0.0,10.7
2021-01-21,11.4,79,0.0,11.4
2021-01-22,12.0,82,0.0,17.2
2021-01-23,12.1,83,0.8,17.0
2021-01-24,11.3,82,0.0,10.9
2021-01-25,11.5,69,0.0,10.4
2021-01-26,10.7,72,0.0,11.5
2021-01-27,10.9,71,0.0,10.7
2021-01-28,11.3,73,0.0,11.1
2021-01-29,11.0,74,0.0,10.5
2021-01-30,10.9,70,0.0,12.3
2021-01-31,12.8,68,0.0,10.9
2021-02-01,13.2,76,0.0,9.8
2021-02-02,13.1,74,0.0,11.3
2021-02-03,13.8,77,1.1,17.8
2021-02-04,12.7,78,0.0,18.7
2021-02-05,12.2,77,0.0,9.2
2021-02-06,13.3,73,0.0,13.8
2021-02-07,14.9,69,0.0,10.5
2021-02-08,15.2,74,0.0,10.2
2021-02-09,15.5,75,0.0,9.1
2021-02-10,16.2,77,0.0,9.0
2021-02-11,16.2,78,0.0,9.0
2021-02-12,16.1,79,0.0,7.9
2021-02-13,15.9,84,0.0,8.3
2021-02-14,15.3,87,0.0,9.2
2021-02-15,15.3,88,0.0,8.4
2021-02-16,16.0,87,0.0,9.4
2021-02-17,17.1,82,0.0,6.4
2021-02-18,16.4,85,0.0,9.5
2021-02-19,16.6,80,0.0,8.1
2021-02-20,17.3,75,0.0,8.0
2021-02-21,18.2,72,0.0,9.0
2021-02-22,18.3,75,0.0,10.6
2021-02-23,18.9,78,0.0,11.4
2021-02-24,19.0,75,0.0,10.6
2021-02-25,20.6,66,0.0,14.1
2021-02-26,20.7,72,0.0,17.4
2021-02-27,19.5,68,0.0,19.5
2021-02-28,17.7,72,0.0,9.2
2021-03-01,18.3,63,0.0,17.3
2021-03-02,18.6,50,0.0,17.3
2021-03-03,19.1,59,0.0,9.4
2021-03-04,19.3,64,0.0,10.0
2021-03-05,19.9,58,0.0,14.8
2021-03-06,19.4,57,0.0,17.1
2021-03-07,22.4,48,0.2,20.1
2021-03-08,21.6,59,0.7,16.9
2021-03-09,21.6,58,0.0,16.8
2021-03-10,21.8,63,0.0,10.7
2021-03-11,21.3,61,0.0,17.7
2021-03-12,19.9,58,1.3,22.9
2021-03-13,19.6,58,0.0,14.2
2021-03-14,20.5,64,0.0,15.2
2021-03-15,20.6,64,0.0,11.2
2021-03-16,22.0,64,0.0,11.9
2021-03-17,22.0,63,0.7,13.0
2021-03-18,22.6,58,0.0,14.2
2021-03-19,22.7,52,0.1,12.8
2021-03-20,22.5,52,0.0,13.4
2021-03-21,21.0,64,0.0,21.0
2021-03-22,20.7,65,2.6,26.6
2021-03-23,19.8,68,3.9,31.6
2021-03-24,19.4,67,0.6,15.5
2021-03-25,20.3,63,0.0,15.6
2021-03-26,21.5,62,0.0,10.1
2021-03-27,23.0,63,0.0,9.1
2021-03-28,25.5,59,0.0,18.8
2021-03-29,27.6,46,0.0,22.8
2021-03-30,25.5,45,0.0,19.2
2021-03-31,24.1,19,0.0,24.4
2021-04-01,23.2,18,0.0,25.7
2021-04-02,21.5,20,0.0,19.7
2021-04-03,22.1,31,0.0,12.5
2021-04-04,23.7,36,0.0,15.2
2021-04-05,24.8,38,0.0,17.2
2021-04-06,24.4,45,3.1,28.8
2021-04-07,22.9,59,0.3,15.3
2021-04-08,22.4,41,0.0,13.9
2021-04-09,24.0,38,0.0,14.6
2021-04-10,25.7,30,0.0,14.5
2021-04-11,26.2,34,0.0,12.7
2021-04-12,27.0,34,0.0,18.5
2021-04-13,27.9,35,0.0,13.2
2021-04-14,28.1,32,0.0,19.3
2021-04-15,26.8,36,0.0,21.9
2021-04-16,24.9,45,2.9,28.6
2021-04-17,21.4,77,7.8,19.0
2021-04-18,23.6,62,0.0,14.1
2021-04-19,25.4,41,0.0,15.0
2021-04-20,22.7,48,0.8,17.9
2021-04-21,21.2,63,1.4,15.5
2021-04-22,21.3,66,0.1,25.5
2021-04-23,21.1,59,3.3,20.0
2021-04-24,22.6,52,0.0,13.1
2021-04-25,26.7,35,0.0,10.8
2021-04-26,27.9,35,0.0,10.8
2021-04-27,29.8,34,0.0,27.7
2021-04-28,30.8,27,0.0,19.5
2021-04-29,30.9,26,0.0,25.4
2021-04-30,31.0,30,0.0,16.8
2021-05-01,31.1,28,0.0,15.0
2021-05-02,31.7,30,0.0,11.7
2021-05-03,31.7,31,0.0,10.1
2021-05-04,30.6,37,1.5,18.1
2021-05-05,29.4,44,0.0,16.9
2021-05-06,28.8,42,0.9,21.4
2021-05-07,28.5,44,0.5,19.7
2021-05-08,29.4,41,0.0,13.5
2021-05-09,30.1,36,0.4,15.6
2021-05-10,30.9,37,0.0,25.3
2021-05-11,29.8,42,0.0,16.9
2021-05-12,28.5,46,0.3,11.6
2021-05-13,26.2,59,1.0,20.3
2021-05-14,26.9,53,0.2,17.1
2021-05-15,28.7,42,0.0,15.5
2021-05-16,30.6,32,0.0,14.5
2021-05-17,31.6,29,0.0,15.5
2021-05-18,32.3,27,0.0,19.6
2021-05-19,29.2,44,0.0,17.6
2021-05-20,29.2,46,0.0,26.1
2021-05-21,30.2,43,0.2,29.0
2021-05-22,30.4,38,0.0,10.2
2021-05-23,28.9,37,0.0,16.6
2021-05-24,29.8,37,0.0,17.6
2021-05-25,31.4,28,0.0,14.5
2021-05-26,32.5,26,0.0,15.8
2021-05-27,34.2,24,0.0,13.1
2021-05-28,34.8,28,0.0,14.8
2021-05-29,35.0,34,0.0,29.3
2021-05-30,33.8,44,0.0,21.9
2021-05-31,31.8,47,0.6,31.0
2021-06-01,28.7,57,3.3,14.8
2021-06-02,30.6,49,0.4,10.7
2021-06-03,29.7,54,1.4,17.6
2021-06-04,29.5,54,0.9,9.6
2021-06-05,30.9,51,0.4,14.9
2021-06-06,32.7,45,0.0,10.0
2021-06-07,35.1,37,0.0,11.2
2021-06-08,36.1,38,0.0,12.4
2021-06-09,37.3,39,0.0,15.8
2021-06-10,36.7,42,0.0,18.1
2021-06-11,35.4,49,0.1,19.0
2021-06-12,35.0,48,0.0,22.7
2021-06-13,30.6,61,4.0,25.6
2021-06-14,31.3,52,0.0,11.6
2021-06-15,31.8,51,0.0,15.9
2021-06-16,29.5,60,0.1,12.2
2021-06-17,30.5,53,0.0,8.0
2021-06-18,32.9,42,0.0,13.1
2021-06-19,33.4,44,0.0,22.7
2021-06-20,32.4,49,0.0,18.8
2021-06-21,32.9,44,0.0,11.6
2021-06-22,33.8,41,0.0,12.4
2021-06-23,34.4,37,0.0,10.0
2021-06-24,33.3,40,0.1,24.7
2021-06-25,33.5,42,0.0,15.1
2021-06-26,31.9,47,0.0,13.0
2021-06-27,33.2,45,0.0,10.9
2021-06-28,34.7,40,0.0,14.2
2021-06-29,35.9,35,0.0,18.7
2021-06-30,36.5,35,0.0,17.1
2021-07-01,36.2,39,0.0,18.5
2021-07-02,35.9,39,0.2,14.8
2021-07-03,33.5,48,0.1,18.7
2021-07-04,34.5,47,0.0,12.3
2021-07-05,34.4,47,0.0,14.6
2021-07-06,35.2,45,0.0,10.1
2021-07-07,35.8,40,0.0,10.8
2021-07-08,35.0,44,0.0,20.7
2021-07-09,34.2,52,0.0,15.6
2021-07-10,33.6,59,0.3,10.7
2021-07-11,33.2,64,1.7,16.8
2021-07-12,29.8,75,5.0,26.7
2021-07-13,29.0,78,2.9,17.3
2021-07-14,30.2,71,0.2,12.3
2021-07-15,31.1,68,0.0,14.8
2021-07-16,32.2,68,0.6,13.7
2021-07-17,33.7,61,0.2,13.6
2021-07-18,34.9,61,0.0,21.4
2021-07-19,30.4,76,7.2,23.0
2021-07-20,27.4,85,20.8,17.8
2021-07-21,28.5,80,2.4,12.6
2021-07-22,29.8,77,0.6,11.6
2021-07-23,29.7,73,0.3,19.5
2021-07-24,32.0,65,0.2,9.1
2021-07-25,32.5,70,0.4,11.6
2021-07-26,31.0,80,1.5,14.1
2021-07-27,29.7,86,8.4,13.0
2021-07-28,27.0,93,18.3,15.5
2021-07-29,27.8,82,15.1,14.4
2021-07-30,28.0,83,4.3,17.7
2021-07-31,29.0,81,2.1,17.3
2021-08-01,29.6,79,4.5,11.5
2021-08-02,30.2,81,3.0,9.1
2021-08-03,30.2,81,0.2,11.5
2021-08-04,30.3,79,0.1,10.0
2021-08-05,30.4,79,5.6,13.0
2021-08-06,29.8,79,0.8,14.4
2021-08-07,30.6,75,0.0,9.9
2021-08-08,30.8,76,0.3,13.4
2021-08-09,30.4,78,1.2,12.6
2021-08-10,31.1,74,0.4,12.0
2021-08-11,31.9,66,0.0,10.7
2021-08-12,32.2,62,0.0,9.4
2021-08-13,32.4,61,0.0,11.0
2021-08-14,31.9,65,0.6,11.3
2021-08-15,30.0,74,7.3,18.8
2021-08-16,31.3,67,0.4,10.5
2021-08-17,32.6,60,0.0,10.1
2021-08-18,33.0,54,0.0,10.0
2021-08-19,33.1,54,0.0,10.1
2021-08-20,32.4,64,0.1,15.7
2021-08-21,28.9,73,0.0,20.9
2021-08-22,28.2,78,0.9,13.3
2021-08-23,29.6,73,0.0,8.0
2021-08-24,32.2,66,0.0,14.0
2021-08-25,33.6,57,0.0,12.1
2021-08-26,33.3,53,0.0,11.9
2021-08-27,32.8,57,0.0,11.7
2021-08-28,31.9,63,0.0,13.7
2021-08-29,31.3,67,0.1,15.3
2021-08-30,29.8,73,3.5,18.4
2021-08-31,29.0,72,4.0,18.6
2021-09-01,29.4,73,0.8,11.3
2021-09-02,29.6,73,0.0,10.2
2021-09-03,28.8,77,5.5,10.3
2021-09-04,29.4,73,0.0,6.9
2021-09-05,30.4,70,0.0,10.0
2021-09-06,31.2,69,0.1,8.2
2021-09-07,30.8,72,0.7,15.6
2021-09-08,28.9,79,3.8,14.3
2021-09-09,28.6,78,5.1,13.9
2021-09-10,27.2,85,16.1,17.3
2021-09-11,25.9,87,18.9,19.1
2021-09-12,25.5,84,2.6,16.4
2021-09-13,27.1,81,0.0,8.7
2021-09-14,28.4,79,0.7,9.1
2021-09-15,29.0,75,0.0,13.8
2021-09-16,29.4,75,0.0,10.7
2021-09-17,28.5,74,0.0,15.3
2021-09-18,28.9,78,0.2,7.9
2021-09-19,29.3,79,0.6,8.6
2021-09-20,29.5,78,0.1,7.5
2021-09-21,28.0,82,13.5,21.6
2021-09-22,26.9,84,10.0,12.9
2021-09-23,25.7,86,3.1,13.1
2021-09-24,26.5,82,0.2,10.5
2021-09-25,27.9,77,0.1,7.9
2021-09-26,28.2,76,0.0,7.8
2021-09-27,28.6,78,0.0,8.0
2021-09-28,29.0,75,0.0,6.9
2021-09-29,29.2,73,0.2,9.4
2021-09-30,28.9,75,0.3,8.6
2021-10-01,29.0,77,0.6,10.5
2021-10-02,28.5,78,0.2,11.9
2021-10-03,29.3,74,1.1,12.0
2021-10-04,28.4,74,1.7,12.3
2021-10-05,28.0,75,1.1,11.6
2021-10-06,28.0,70,0.0,9.2
2021-10-07,28.0,63,0.0,10.1
2021-10-08,28.5,64,0.0,10.5
2021-10-09,28.6,64,0.0,10.5
2021-10-10,28.9,62,0.0,17.8
2021-10-11,27.9,57,0.0,20.5
2021-10-12,26.5,59,0.0,9.8
2021-10-13,25.2,61,0.0,9.4
2021-10-14,25.2,56,0.0,10.5
2021-10-15,25.9,49,0.0,8.0
2021-10-16,25.9,53,0.0,9.4
2021-10-17,25.1,63,1.5,16.6
2021-10-18,23.4,79,1.1,15.9
2021-10-19,24.8,69,0.0,14.8
2021-10-20,24.5,60,0.0,9.4
2021-10-21,24.0,55,0.0,10.2
2021-10-22,23.8,57,0.0,18.7
2021-10-23,20.7,79,42.6,27.9
2021-10-24,19.1,81,2.3,19.8
2021-10-25,19.3,71,0.0,14.7
2021-10-26,18.8,68,0.0,9.7
2021-10-27,19.6,70,0.0,9.9
2021-10-28,19.8,65,0.0,10.1
2021-10-29,20.5,63,0.0,8.8
2021-10-30,21.2,63,0.0,12.0
2021-10-31,19.6,66,0.0,10.5
2021-11-01,20.2,65,0.0,16.3
2021-11-02,20.2,60,0.9,28.7
2021-11-03,20.2,55,0.0,15.8
2021-11-04,19.8,62,0.0,8.6
2021-11-05,20.0,63,0.0,11.6
2021-11-06,19.7,64,0.0,12.6
2021-11-07,19.3,60,0.0,8.9
2021-11-08,19.8,62,0.0,10.2
2021-11-09,19.6,63,0.0,9.0
2021-11-10,19.9,65,0.0,9.6
2021-11-11,19.5,67,0.0,7.6
2021-11-12,19.8,64,0.0,9.4
2021-11-13,19.0,59,0.0,10.7
2021-11-14,18.4,57,0.0,11.2
2021-11-15,17.1,61,0.0,11.8
2021-11-16,17.4,59,0.0,9.5
2021-11-17,17.7,59,0.0,7.3
2021-11-18,17.5,62,0.0,6.5
2021-11-19,16.5,69,0.0,10.0
2021-11-20,16.6,68,0.0,10.4
2021-11-21,16.6,67,0.0,10.9
2021-11-22,16.4,63,0.0,15.0
2021-11-23,15.7,68,0.0,9.7
2021-11-24,16.9,66,0.0,13.3
2021-11-25,16.9,70,0.0,10.8
2021-11-26,17.0,71,0.0,8.9
2021-11-27,16.2,75,0.0,9.8
2021-11-28,16.6,74,0.0,10.1
2021-11-29,16.8,68,0.0,15.0
2021-11-30,16.0,72,0.0,10.0
2021-12-01,16.0,71,0.0,7.4
2021-12-02,16.1,73,0.0,9.7
2021-12-03,15.5,74,0.0,9.2
2021-12-04,16.5,74,0.0,9.2
2021-12-05,16.1,77,0.4,24.3
2021-12-06,15.5,74,0.0,11.0
2021-12-07,14.6,72,0.0,10.2
2021-12-08,14.7,70,0.0,9.2
2021-12-09,14.8,68,0.0,10.0
2021-12-10,14.0,73,0.0,10.6
2021-12-11,13.1,68,0.0,10.2
2021-12-12,13.5,68,0.0,9.0
2021-12-13,12.3,76,0.0,9.1
2021-12-14,12.1,73,0.0,9.5
2021-12-15,11.8,71,0.0,10.5
2021-12-16,9.8,78,1.3,10.3
2021-12-17,9.7,79,0.0,11.9
2021-12-18,9.4,73,0.0,13.6
2021-12-19,9.3,73,0.0,9.3
2021-12-20,10.6,75,1.0,9.7
2021-12-21,11.3,78,0.0,9.1
2021-12-22,11.9,79,0.0,7.8
2021-12-23,12.4,79,0.0,8.7
2021-12-24,12.1,80,0.0,8.0
2021-12-25,12.2,84,0.0,6.6
2021-12-26,11.9,89,0.1,14.3
2021-12-27,11.7,88,0.0,9.1
2021-12-28,11.6,74,0.0,11.0
2021-12-29,10.2,75,0.0,10.8
2021-12-30,11.9,70,0.0,7.2
2021-12-31,11.4,77,0.0,11.2
2022-01-01,11.1,78,0.0,10.1
2022-01-02,11.2,73,0.0,10.8
2022-01-03,12.8,71,0.0,11.2
2022-01-04,13.0,74,0.3,13.5
2022-01-05,12.5,95,21.2,15.3
2022-01-06,12.9,91,0.9,15.3
2022-01-07,13.0,92,25.7,21.8
2022-01-08,12.9,85,16.3,27.2
2022-01-09,11.1,86,0.1,9.4
2022-01-10,10.6,86,0.0,9.7
2022-01-11,10.5,88,0.0,10.0
2022-01-12,10.8,79,0.0,9.4
2022-01-13,10.6,86,0.0,8.4
2022-01-14,9.6,91,0.0,8.3
2022-01-15,9.5,87,0.0,8.0
2022-01-16,9.5,91,0.0,7.4
2022-01-17,10.0,91,0.1,7.0
2022-01-18,9.9,90,0.0,10.0
2022-01-19,11.8,93,4.3,7.6
2022-01-20,12.4,92,0.4,6.3
2022-01-21,11.1,89,0.5,11.0
2022-01-22,11.3,90,18.1,24.1
2022-01-23,11.9,88,1.3,18.3
2022-01-24,11.0,88,1.6,8.8
2022-01-25,10.4,87,0.8,8.9
2022-01-26,10.4,83,0.0,11.6
2022-01-27,10.4,76,0.0,12.6
2022-01-28,10.7,73,0.0,12.3
2022-01-29,11.9,78,0.0,9.2
2022-01-30,12.8,78,0.0,11.9
2022-01-31,12.6,81,0.0,9.3
2022-02-01,12.6,84,0.0,13.2
2022-02-02,12.1,80,4.8,17.5
2022-02-03,11.3,83,3.8,23.9
2022-02-04,9.5,87,0.0,9.0
2022-02-05,10.1,87,0.2,7.2
2022-02-06,11.3,86,0.4,8.7
2022-02-07,13.2,82,0.1,13.0
2022-02-08,13.3,76,0.0,9.1
2022-02-09,13.6,70,0.1,20.9
2022-02-10,12.8,69,0.0,11.3
2022-02-11,12.8,69,0.0,17.9
2022-02-12,13.4,69,0.0,10.9
2022-02-13,13.8,78,0.0,8.8
2022-02-14,15.0,75,0.0,9.4
2022-02-15,14.8,76,0.3,9.0
2022-02-16,15.2,74,1.3,12.2
2022-02-17,14.9,71,0.0,9.4
2022-02-18,14.5,71,0.1,15.8
2022-02-19,15.0,69,0.0,15.3
2022-02-20,15.5,56,0.0,22.9
2022-02-21,16.1,53,0.0,12.9
2022-02-22,17.4,69,20.8,25.5
2022-02-23,15.5,78,0.0,21.6
2022-02-24,14.6,83,1.7,16.4
2022-02-25,13.8,86,4.5,25.5
2022-02-26,13.7,83,29.6,26.7
2022-02-27,13.6,78,0.0,10.7
2022-02-28,14.5,69,0.0,9.9
2022-03-01,17.0,71,0.0,14.0
2022-03-02,17.3,71,0.0,18.7
2022-03-03,14.9,87,10.2,21.7
2022-03-04,16.0,79,0.0,13.2
2022-03-05,17.3,70,0.0,10.7
2022-03-06,18.7,72,0.0,19.2
2022-03-07,18.7,70,0.0,19.2
2022-03-08,19.5,65,0.0,13.9
2022-03-09,19.0,72,0.0,10.1
2022-03-10,19.8,66,0.0,13.2
2022-03-11,19.7,68,0.0,12.9
2022-03-12,21.7,63,0.0,10.8
2022-03-13,23.0,67,0.0,9.8
2022-03-14,23.3,73,0.0,9.5
2022-03-15,24.6,73,0.0,11.3
2022-03-16,26.1,56,0.0,19.2
2022-03-17,25.8,58,0.0,11.5
2022-03-18,26.1,73,0.0,17.8
2022-03-19,26.4,74,0.0,19.6
2022-03-20,24.6,73,1.3,37.6
2022-03-21,24.2,66,0.0,10.5
2022-03-22,24.6,54,0.0,17.9
2022-03-23,24.2,58,0.0,13.6
2022-03-24,24.7,49,0.0,16.8
2022-03-25,23.8,47,0.0,13.3
2022-03-26,24.2,46,0.0,17.7
2022-03-27,24.5,52,0.0,11.5
2022-03-28,26.2,53,0.0,16.1
2022-03-29,25.5,60,0.0,10.1
2022-03-30,26.1,53,0.0,12.5
2022-03-31,26.0,49,0.0,12.7
2022-04-01,26.2,28,0.0,12.6
2022-04-02,25.9,40,0.0,16.5
2022-04-03,26.3,41,0.0,13.7
2022-04-04,26.8,41,0.0,12.2
2022-04-05,27.4,32,0.0,11.7
2022-04-06,28.1,31,0.0,13.7
2022-04-07,29.6,27,0.0,12.4
2022-04-08,29.2,29,0.0,11.3
2022-04-09,28.8,41,0.0,13.3
2022-04-10,29.6,36,0.0,13.0
2022-04-11,31.1,29,0.0,13.8
2022-04-12,30.9,28,0.0,13.7
2022-04-13,29.9,26,0.0,20.0
2022-04-14,28.0,34,0.0,21.1
2022-04-15,28.0,33,0.0,21.9
2022-04-16,29.0,30,0.0,15.1
2022-04-17,29.2,32,0.0,12.6
2022-04-18,30.5,33,0.0,17.5
2022-04-19,31.4,27,0.0,16.6
2022-04-20,30.6,28,0.2,16.3
2022-04-21,29.6,29,0.2,29.5
2022-04-22,28.1,35,0.0,14.9
2022-04-23,29.1,29,0.0,15.3
2022-04-24,29.0,31,0.0,16.9
2022-04-25,30.0,28,0.3,27.4
2022-04-26,30.4,27,0.0,14.7
2022-04-27,31.5,26,0.0,13.4
2022-04-28,32.6,25,0.0,12.6
2022-04-29,33.8,22,0.0,18.2
2022-04-30,33.4,25,0.0,15.1
2022-05-01,33.0,26,0.0,20.9
2022-05-02,33.3,31,0.0,29.8
2022-05-03,33.1,32,0.0,15.5
2022-05-04,29.1,42,0.0,21.6
2022-05-05,30.1,39,0.0,16.9
2022-05-06,30.9,31,0.0,14.5
2022-05-07,31.3,33,0.0,14.4
2022-05-08,32.8,30,0.0,15.3
2022-05-09,33.0,32,0.2,20.6
2022-05-10,33.0,38,0.1,22.6
2022-05-11,34.0,35,0.0,16.4
2022-05-12,34.8,33,0.0,14.9
2022-05-13,35.1,28,0.0,17.9
2022-05-14,34.7,20,0.0,18.3
2022-05-15,35.8,16,0.0,21.2
2022-05-16,35.0,18,0.0,30.7
2022-05-17,34.2,25,0.0,16.6
2022-05-18,34.0,24,0.0,14.0
2022-05-19,35.0,24,0.0,10.9
2022-05-20,35.2,22,0.0,23.5
2022-05-21,34.0,23,0.0,12.6
2022-05-22,33.7,22,0.0,19.4
2022-05-23,28.6,41,3.6,35.5
2022-05-24,25.7,58,2.6,31.0
2022-05-25,28.8,45,0.0,8.9
2022-05-26,31.9,37,0.0,10.1
2022-05-27,34.2,34,0.0,18.0
2022-05-28,34.1,39,0.1,15.7
2022-05-29,34.4,37,0.0,31.5
2022-05-30,32.5,38,0.5,22.1
2022-05-31,33.0,32,0.0,13.1
2022-06-01,33.3,27,0.0,10.8
2022-06-02,33.6,23,0.0,15.8
2022-06-03,35.0,19,0.0,15.6
2022-06-04,35.2,16,0.0,15.6
2022-06-05,36.3,14,0.0,9.8
2022-06-06,36.9,14,0.0,13.8
2022-06-07,37.4,14,0.0,11.1
2022-06-08,37.2,15,0.0,17.5
2022-06-09,37.6,14,0.0,15.9
2022-06-10,36.6,18,0.0,28.9
2022-06-11,36.4,23,0.0,30.6
2022-06-12,36.7,23,0.0,17.7
2022-06-13,37.0,23,0.0,23.2
2022-06-14,38.1,22,0.0,16.2
2022-06-15,38.4,24,0.0,17.9
2022-06-16,35.3,32,0.4,18.6
2022-06-17,30.3,60,0.7,18.7
2022-06-18,26.5,77,9.1,23.5
2022-06-19,26.8,74,0.6,11.1
2022-06-20,28.4,62,0.6,14.3
2022-06-21,24.4,82,7.4,18.5
2022-06-22,26.7,73,3.4,14.4
2022-06-23,28.4,57,0.0,14.7
2022-06-24,29.9,53,0.0,10.8
2022-06-25,31.0,48,0.0,9.1
2022-06-26,32.6,48,0.0,10.0
2022-06-27,33.7,55,0.0,10.0
2022-06-28,35.0,52,0.0,13.4
2022-06-29,35.3,53,0.0,24.0
2022-06-30,31.0,71,5.5,26.3
2022-07-01,27.8,79,17.2,19.7
2022-07-02,30.7,70,0.5,10.7
2022-07-03,30.6,74,1.1,20.4
2022-07-04,32.4,67,0.7,8.8
2022-07-05,32.7,68,6.4,14.3
2022-07-06,31.1,76,5.3,27.2
2022-07-07,32.0,72,0.2,9.5
2022-07-08,31.3,73,13.8,18.5
2022-07-09,30.9,76,6.7,16.3
2022-07-10,29.2,77,2.9,12.9
2022-07-11,30.8,73,0.1,7.2
2022-07-12,32.0,69,0.2,11.7
2022-07-13,30.4,76,6.1,20.3
2022-07-14,28.4,84,11.9,12.0
2022-07-15,27.3,83,11.8,19.2
2022-07-16,30.7,67,0.0,11.5
2022-07-17,28.4,82,9.2,20.8
2022-07-18,30.8,71,0.0,5.8
2022-07-19,32.3,68,0.0,7.1
2022-07-20,30.3,77,14.9,12.9
2022-07-21,26.8,89,39.8,19.3
2022-07-22,28.4,83,23.4,15.7
2022-07-23,28.7,82,1.8,16.3
2022-07-24,29.5,78,1.6,16.1
2022-07-25,28.8,82,12.5,15.3
2022-07-26,29.7,75,0.5,13.0
2022-07-27,28.5,82,9.5,14.6
2022-07-28,27.5,87,18.6,17.6
2022-07-29,27.2,88,16.4,12.4
2022-07-30,27.7,86,1.5,12.0
2022-07-31,27.4,86,16.9,10.2
2022-08-01,27.3,84,6.8,11.2
2022-08-02,29.5,80,0.2,7.0
2022-08-03,29.8,80,0.7,10.0
2022-08-04,29.4,82,5.5,20.0
2022-08-05,28.0,85,3.7,13.4
2022-08-06,28.7,83,1.8,8.6
2022-08-07,28.8,85,4.8,17.8
2022-08-08,29.6,79,0.0,9.5
2022-08-09,30.9,74,0.0,9.5
2022-08-10,31.5,73,0.0,8.4
2022-08-11,28.0,81,21.9,21.3
2022-08-12,29.4,67,0.0,12.9
2022-08-13,30.3,72,0.0,9.2
2022-08-14,30.3,77,1.9,16.1
2022-08-15,27.1,88,19.9,20.0
2022-08-16,28.7,78,0.0,9.3
2022-08-17,29.4,74,1.6,21.6
2022-08-18,29.6,76,0.3,11.4
2022-08-19,30.0,72,0.8,15.5
2022-08-20,29.4,71,0.6,12.8
2022-08-21,29.3,76,0.1,9.2
2022-08-22,30.6,70,0.0,9.0
2022-08-23,31.2,69,0.2,10.9
2022-08-24,29.8,73,15.1,24.8
2022-08-25,29.3,74,3.4,13.8
2022-08-26,29.6,71,1.7,10.8
2022-08-27,29.6,73,0.7,12.9
2022-08-28,29.6,72,2.8,12.2
2022-08-29,28.0,82,13.3,17.6
2022-08-30,29.0,76,3.6,21.9
2022-08-31,31.1,65,0.0,11.0
2022-09-01,31.4,59,0.0,10.1
2022-09-02,31.7,61,0.1,12.7
2022-09-03,31.4,61,0.0,10.5
2022-09-04,30.7,62,0.0,15.4
2022-09-05,28.4,74,6.2,22.0
2022-09-06,28.6,77,4.4,10.0
2022-09-07,29.8,67,0.0,6.8
2022-09-08,30.6,64,0.0,7.2
2022-09-09,30.5,66,0.7,12.4
2022-09-10,30.3,71,1.0,17.3
2022-09-11,29.3,73,0.5,18.9
2022-09-12,29.5,70,0.0,11.7
2022-09-13,30.3,65,0.0,10.9
2022-09-14,30.2,65,0.0,10.0
2022-09-15,30.1,66,0.0,10.0
2022-09-16,28.6,73,5.2,17.9
2022-09-17,29.1,69,0.8,17.9
2022-09-18,29.9,65,0.0,9.7
2022-09-19,30.3,60,0.0,9.4
2022-09-20,29.6,64,0.0,12.5
2022-09-21,28.5,72,1.9,11.2
2022-09-22,28.5,73,0.0,11.5
2022-09-23,27.9,75,0.8,16.1
2022-09-24,24.3,90,29.9,11.9
2022-09-25,25.9,78,0.0,13.7
2022-09-26,26.2,78,0.0,6.6
2022-09-27,26.8,76,0.0,6.9
2022-09-28,27.1,73,0.0,8.8
2022-09-29,27.5,70,0.1,7.8
2022-09-30,28.1,66,0.0,9.4
2022-10-01,28.1,63,0.0,10.5
2022-10-02,28.2,63,0.0,10.2
2022-10-03,28.6,53,0.0,12.3
2022-10-04,28.8,51,0.0,10.9
2022-10-05,27.8,52,0.0,10.0
2022-10-06,26.5,59,0.0,12.2
2022-10-07,26.7,66,0.0,10.6
2022-10-08,26.4,70,0.0,14.0
2022-10-09,25.9,73,0.0,10.8
2022-10-10,24.3,79,5.8,16.4
2022-10-11,23.3,82,7.8,22.4
2022-10-12,23.3,74,0.0,8.1
2022-10-13,24.4,62,0.0,9.7
2022-10-14,24.5,60,0.0,11.9
2022-10-15,24.4,59,0.0,9.6
2022-10-16,23.8,61,0.0,11.7
2022-10-17,24.1,56,0.0,10.8
2022-10-18,24.1,56,0.0,17.8
2022-10-19,23.8,56,0.0,13.9
2022-10-20,22.6,55,0.7,30.2
2022-10-21,22.2,54,0.0,14.9
2022-10-22,22.6,51,0.0,8.9
2022-10-23,22.4,55,0.0,7.9
2022-10-24,22.2,56,0.0,8.8
2022-10-25,22.3,58,0.0,10.7
2022-10-26,22.7,61,0.0,10.9
2022-10-27,22.5,62,0.0,9.8
2022-10-28,23.0,61,0.0,9.9
2022-10-29,22.9,60,0.0,9.4
2022-10-30,22.2,67,0.0,8.4
2022-10-31,22.8,66,0.0,12.0
2022-11-01,22.9,64,0.3,28.8
2022-11-02,22.4,57,0.0,11.2
2022-11-03,22.4,62,0.0,9.4
2022-11-04,22.3,73,0.0,10.1
2022-11-05,21.3,77,2.3,27.6
2022-11-06,21.0,70,10.6,29.0
2022-11-07,19.6,77,0.0,18.6
2022-11-08,19.5,78,0.0,16.0
2022-11-09,18.4,83,1.8,21.2
2022-11-10,19.3,64,0.1,25.1
2022-11-11,18.8,64,0.0,10.0
2022-11-12,18.4,68,0.0,10.1
2022-11-13,18.4,66,0.0,10.5
2022-11-14,18.1,70,5.7,26.8
2022-11-15,17.4,73,0.0,11.8
2022-11-16,16.9,74,0.0,9.1
2022-11-17,16.7,70,0.0,14.2
2022-11-18,15.7,69,0.0,10.2
2022-11-19,16.3,74,0.0,10.0
2022-11-20,16.6,63,0.0,13.0
2022-11-21,15.7,70,0.0,10.5
2022-11-22,15.7,68,0.0,10.9
2022-11-23,15.5,64,0.0,11.2
2022-11-24,15.7,71,0.0,9.8
2022-11-25,15.9,70,0.0,10.3
2022-11-26,16.5,71,0.0,10.5
2022-11-27,16.8,67,0.0,6.3
2022-11-28,15.7,74,0.0,8.6
2022-11-29,15.6,80,0.0,9.9
2022-11-30,16.1,77,0.0,10.1
2022-12-01,16.6,71,0.0,10.0
2022-12-02,16.1,75,0.0,7.2
2022-12-03,15.3,77,0.0,10.1
2022-12-04,15.1,73,0.0,11.6
2022-12-05,15.3,71,0.0,10.6
2022-12-06,15.2,69,0.0,11.2
2022-12-07,14.8,67,0.0,9.8
2022-12-08,14.9,75,0.0,9.8
2022-12-09,16.1,67,0.0,10.5
2022-12-10,17.3,57,0.0,11.7
2022-12-11,17.2,53,0.0,13.1
2022-12-12,15.8,52,0.0,9.5
2022-12-13,16.5,47,0.0,19.4
2022-12-14,13.8,59,0.0,11.5
2022-12-15,14.0,58,0.0,9.4
2022-12-16,14.1,63,0.0,9.2
2022-12-17,15.1,66,0.0,7.6
2022-12-18,13.9,78,0.0,9.7
2022-12-19,13.3,79,0.0,9.3
2022-12-20,13.2,78,0.0,9.3
2022-12-21,13.3,76,0.0,10.5
2022-12-22,11.8,86,0.0,6.8
2022-12-23,9.1,93,0.0,8.2
2022-12-24,9.4,90,0.0,12.5
2022-12-25,10.5,87,0.0,9.4
2022-12-26,10.8,87,0.0,9.4
2022-12-27,10.6,85,0.0,10.9
2022-12-28,11.6,82,0.0,8.7
2022-12-29,11.0,91,6.6,11.8
2022-12-30,12.9,84,0.0,11.2
2022-12-31,11.5,83,0.0,10.0
2023-01-01,11.4,79,0.0,9.2
2023-01-02,9.3,89,0.0,7.4
2023-01-03,8.9,89,0.0,10.0
2023-01-04,9.8,84,0.0,9.7
2023-01-05,7.1,92,0.0,6.3
2023-01-06,6.9,94,0.2,5.2
2023-01-07,8.5,93,0.4,12.2
2023-01-08,9.6,93,0.0,10.3
2023-01-09,10.3,90,0.0,8.7
2023-01-10,10.5,93,0.0,9.4
2023-01-11,10.6,96,2.8,12.4
2023-01-12,11.9,86,0.0,10.4
2023-01-13,11.1,88,0.0,8.9
2023-01-14,9.9,78,0.0,10.8
2023-01-15,7.9,66,0.0,10.2
2023-01-16,8.1,63,0.0,10.7
2023-01-17,8.7,60,0.0,9.7
2023-01-18,9.3,68,0.0,8.6
2023-01-19,12.8,62,0.0,9.6
2023-01-20,10.6,85,2.7,10.8
2023-01-21,11.1,78,0.0,9.5
2023-01-22,11.8,72,0.0,9.3
2023-01-23,13.1,64,0.0,16.3
2023-01-24,12.8,67,0.0,12.3
2023-01-25,12.7,88,0.5,8.7
2023-01-26,10.8,78,0.0,12.8
2023-01-27,10.6,66,0.0,11.0
2023-01-28,11.5,62,0.0,10.7
2023-01-29,12.3,75,6.6,20.1
2023-01-30,13.4,87,2.1,20.7
2023-01-31,12.4,82,0.0,14.7
2023-02-01,12.6,70,0.0,12.3
2023-02-02,13.5,66,0.0,12.9
2023-02-03,14.0,71,0.0,10.0
2023-02-04,15.4,67,0.0,11.6
2023-02-05,15.2,64,0.0,10.1
2023-02-06,16.6,69,0.3,21.0
2023-02-07,16.1,54,0.0,17.7
2023-02-08,15.0,56,0.0,9.2
2023-02-09,14.5,69,0.0,22.7
2023-02-10,17.3,62,0.0,17.0
2023-02-11,14.8,55,0.0,14.8
2023-02-12,13.2,37,0.0,17.2
2023-02-13,14.1,32,0.0,14.8
2023-02-14,15.5,40,0.0,10.4
2023-02-15,18.4,47,0.0,14.6
2023-02-16,19.5,56,0.0,9.8
2023-02-17,19.7,66,0.0,8.7
2023-02-18,20.3,66,0.0,8.3
2023-02-19,20.3,67,0.0,12.2
2023-02-20,21.4,69,0.0,15.5
2023-02-21,20.3,54,0.0,18.6
2023-02-22,18.7,50,0.0,9.6
2023-02-23,19.5,48,0.0,18.4
2023-02-24,19.5,42,0.0,13.2
2023-02-25,20.5,52,0.0,9.6
2023-02-26,19.7,56,0.7,16.8
2023-02-27,20.3,54,0.0,12.2
2023-02-28,18.6,64,1.7,18.4
2023-03-01,19.4,71,0.6,15.5
2023-03-02,19.4,69,3.9,19.0
2023-03-03,19.8,61,0.0,12.8
2023-03-04,20.2,59,0.0,10.0
2023-03-05,20.7,54,0.0,15.2
2023-03-06,21.2,47,0.0,13.8
2023-03-07,21.2,45,0.0,17.4
2023-03-08,21.0,51,0.0,11.3
2023-03-09,20.8,54,0.0,12.0
2023-03-10,22.1,52,0.0,15.0
2023-03-11,22.3,55,0.0,11.3
2023-03-12,22.6,58,0.0,14.3
2023-03-13,22.4,62,3.9,19.2
2023-03-14,22.8,60,0.0,15.8
2023-03-15,23.2,57,0.1,11.6
2023-03-16,22.6,65,0.0,26.8
2023-03-17,19.4,70,0.3,24.7
2023-03-18,18.5,77,0.4,13.1
2023-03-19,18.7,79,2.5,15.4
2023-03-20,18.8,81,7.7,14.2
2023-03-21,18.8,77,0.0,12.1
2023-03-22,19.9,69,0.1,17.3
2023-03-23,20.0,71,0.1,19.8
2023-03-24,17.7,85,11.3,21.6
2023-03-25,17.7,83,15.6,27.2
2023-03-26,18.2,72,0.0,10.7
2023-03-27,20.1,64,0.0,8.2
2023-03-28,21.6,56,0.0,9.8
2023-03-29,21.9,59,0.3,15.6
2023-03-30,21.5,69,6.6,19.5
2023-03-31,18.2,87,20.2,20.6
2023-04-01,17.8,87,11.0,21.3
2023-04-02,19.1,80,0.0,8.4
2023-04-03,19.5,78,8.8,16.1
2023-04-04,20.0,73,1.6,11.3
2023-04-05,20.1,65,0.0,14.5
2023-04-06,21.1,63,0.0,11.0
2023-04-07,21.9,51,0.0,15.1
2023-04-08,22.6,51,0.0,10.6
2023-04-09,23.9,46,0.0,12.7
2023-04-10,25.0,40,0.0,16.8
2023-04-11,26.2,41,0.3,20.5
2023-04-12,27.0,39,0.0,16.6
2023-04-13,27.4,37,0.0,13.3
2023-04-14,28.8,35,0.0,11.6
2023-04-15,29.4,29,0.0,15.3
2023-04-16,29.2,33,0.0,24.1
2023-04-17,29.6,34,0.0,13.4
2023-04-18,28.7,40,2.7,24.3
2023-04-19,23.8,71,15.1,27.3
2023-04-20,23.6,57,1.7,15.6
2023-04-21,23.0,52,2.2,19.9
2023-04-22,22.9,43,0.0,25.0
2023-04-23,24.3,41,0.0,10.8
2023-04-24,26.4,34,0.0,12.1
2023-04-25,27.5,32,0.0,13.0
2023-04-26,28.0,36,0.1,19.9
2023-04-27,27.2,36,1.4,30.4
2023-04-28,26.8,39,0.0,25.7
2023-04-29,27.0,42,0.0,26.2
2023-04-30,25.7,51,1.6,11.6
2023-05-01,23.0,68,8.9,22.8
2023-05-02,22.2,71,1.1,17.8
2023-05-03,22.5,73,1.2,12.3
2023-05-04,24.2,64,0.0,19.9
2023-05-05,25.2,56,0.2,11.8
2023-05-06,26.9,43,0.1,20.3
2023-05-07,27.0,41,0.0,22.4
2023-05-08,26.3,38,0.0,26.7
2023-05-09,26.4,40,0.0,17.7
2023-05-10,27.8,30,0.0,16.5
2023-05-11,28.8,32,0.0,10.2
2023-05-12,29.9,33,0.0,11.8
2023-05-13,31.2,31,0.0,16.4
2023-05-14,30.8,28,0.1,29.7
2023-05-15,31.1,28,0.0,12.8
2023-05-16,30.9,28,0.0,18.5
2023-05-17,31.9,30,0.0,15.8
2023-05-18,28.9,41,0.0,21.7
2023-05-19,29.8,42,0.0,10.7
2023-05-20,31.9,32,0.0,17.2
2023-05-21,33.1,28,0.0,13.0
2023-05-22,33.2,32,0.0,23.6
2023-05-23,32.6,38,0.1,17.8
2023-05-24,28.0,56,6.4,27.2
2023-05-25,27.4,57,0.7,17.4
2023-05-26,25.8,65,9.7,17.7
2023-05-27,27.6,57,0.0,21.0
2023-05-28,28.6,51,0.0,10.2
2023-05-29,26.5,64,6.4,25.1
2023-05-30,27.3,54,0.0,14.8
2023-05-31,23.8,75,16.3,23.4
2023-06-01,22.2,84,6.4,21.4
2023-06-02,24.1,71,0.2,10.7
2023-06-03,27.1,60,0.0,7.6
2023-06-04,29.2,52,0.0,9.7
2023-06-05,29.5,47,0.0,19.0
2023-06-06,28.1,55,0.4,16.4
2023-06-07,28.4,58,0.0,27.2
2023-06-08,30.4,49,0.8,10.4
2023-06-09,32.2,44,0.0,9.2
2023-06-10,33.2,44,0.0,22.1
2023-06-11,31.1,55,0.0,13.2
2023-06-12,33.1,52,0.0,11.5
2023-06-13,33.8,50,0.3,19.0
2023-06-14,31.5,55,20.1,19.2
2023-06-15,28.2,72,14.8,28.3
2023-06-16,29.8,65,0.6,11.6
2023-06-17,31.6,61,0.1,7.1
2023-06-18,32.3,61,0.3,11.7
2023-06-19,32.3,63,0.0,10.4
2023-06-20,33.5,58,0.0,8.7
2023-06-21,34.3,55,0.0,20.3
2023-06-22,35.1,57,0.0,12.3
2023-06-23,35.6,52,0.0,12.6
2023-06-24,34.8,55,0.0,18.7
2023-06-25,33.0,65,0.3,26.9
2023-06-26,28.1,80,18.2,23.8
2023-06-27,30.1,71,0.5,12.4
2023-06-28,30.9,68,0.3,15.5
2023-06-29,30.9,69,13.2,13.5
2023-06-30,31.0,67,0.3,10.0
2023-07-01,31.7,64,0.0,16.5
2023-07-02,32.0,63,0.8,14.9
2023-07-03,33.9,59,0.0,16.2
2023-07-04,32.4,66,18.4,18.7
2023-07-05,28.1,84,38.3,21.5
2023-07-06,28.2,81,4.4,20.6
2023-07-07,28.4,81,2.4,13.5
2023-07-08,26.2,90,13.4,18.9
2023-07-09,27.0,83,1.1,15.9
2023-07-10,27.9,80,0.2,16.9
2023-07-11,29.5,75,0.0,10.5
2023-07-12,30.5,74,0.2,16.6
2023-07-13,30.2,74,0.1,14.2
2023-07-14,30.2,76,0.8,16.3
2023-07-15,30.5,77,0.0,18.5
2023-07-16,29.2,84,4.1,15.1
2023-07-17,30.4,81,1.4,12.2
2023-07-18,30.2,81,0.3,14.6
2023-07-19,29.6,81,0.8,18.8
2023-07-20,30.3,79,5.9,11.6
2023-07-21,30.3,82,9.8,12.8
2023-07-22,28.1,90,28.1,23.5
2023-07-23,29.8,79,6.1,12.0
2023-07-24,29.9,81,7.2,11.9
2023-07-25,30.1,82,0.2,9.7
2023-07-26,28.8,83,19.8,13.4
2023-07-27,28.2,85,23.9,11.9
2023-07-28,28.5,84,4.3,10.7
2023-07-29,27.7,87,21.6,10.5
2023-07-30,29.4,78,0.2,10.0
2023-07-31,30.1,75,0.7,22.7
2023-08-01,31.3,75,0.1,11.1
2023-08-02,31.4,74,0.1,12.8
2023-08-03,30.1,80,7.5,13.2
2023-08-04,31.0,77,0.1,14.2
2023-08-05,30.0,80,26.7,12.5
2023-08-06,29.8,80,5.4,12.2
2023-08-07,30.0,77,17.4,16.6
2023-08-08,30.7,72,0.0,13.6
2023-08-09,30.9,76,2.8,14.4
2023-08-10,29.4,81,6.9,15.8
2023-08-11,30.6,76,0.2,24.1
2023-08-12,31.8,66,0.0,11.4
2023-08-13,31.9,66,0.1,16.0
2023-08-14,30.0,77,0.5,25.1
2023-08-15,29.7,74,0.7,20.6
2023-08-16,30.7,73,0.4,7.7
2023-08-17,31.5,69,0.0,9.4
2023-08-18,31.6,71,0.4,12.7
2023-08-19,30.9,76,1.8,16.4
2023-08-20,30.8,78,3.7,12.7
2023-08-21,32.5,71,0.0,6.4
2023-08-22,33.5,65,0.0,12.2
2023-08-23,32.7,67,0.0,19.2
2023-08-24,30.9,68,0.2,15.1
2023-08-25,29.3,73,9.8,32.5
2023-08-26,27.0,82,3.1,18.4
2023-08-27,29.2,75,0.3,9.9
2023-08-28,28.7,75,0.3,22.9
2023-08-29,28.9,73,1.6,18.4
2023-08-30,30.1,66,0.0,8.2
2023-08-31,31.2,64,0.0,8.0
2023-09-01,31.9,59,0.0,13.7
2023-09-02,31.4,59,0.0,16.3
2023-09-03,30.9,58,0.0,10.7
2023-09-04,31.0,60,0.0,10.1
2023-09-05,30.8,64,0.1,9.8
2023-09-06,31.4,60,0.0,13.0
2023-09-07,31.9,55,0.0,11.5
2023-09-08,31.7,55,0.0,10.9
2023-09-09,31.3,63,0.0,11.5
2023-09-10,30.2,72,0.0,16.4
2023-09-11,30.0,73,0.0,17.2
2023-09-12,31.2,69,0.0,9.5
2023-09-13,31.2,73,0.0,19.6
2023-09-14,31.3,72,1.6,22.2
2023-09-15,29.2,81,37.0,23.8
2023-09-16,29.2,80,0.4,9.0
2023-09-17,28.2,81,1.8,12.6
2023-09-18,26.5,84,30.7,25.8
2023-09-19,27.0,83,30.5,11.2
2023-09-20,28.5,80,0.0,7.7
2023-09-21,29.1,78,0.0,7.8
2023-09-22,28.7,79,0.6,11.5
2023-09-23,27.0,85,33.0,15.5
2023-09-24,27.1,83,6.4,9.0
2023-09-25,25.8,86,4.9,17.9
2023-09-26,26.7,77,0.0,7.1
2023-09-27,26.7,74,0.0,11.8
2023-09-28,27.4,66,0.0,9.2
2023-09-29,27.0,65,0.0,23.0
2023-09-30,25.7,65,0.0,11.3
2023-10-01,24.8,65,0.0,11.7
2023-10-02,24.7,59,0.0,12.2
2023-10-03,25.2,64,0.0,13.0
2023-10-04,25.3,64,0.0,10.7
2023-10-05,25.3,62,0.0,12.2
2023-10-06,25.8,63,0.0,11.0
2023-10-07,27.2,66,0.0,10.0
2023-10-08,27.8,73,0.0,8.4
2023-10-09,27.1,70,0.0,24.7
2023-10-10,24.7,66,0.0,21.3
2023-10-11,24.2,65,0.0,9.5
2023-10-12,25.0,65,0.0,10.7
2023-10-13,25.0,67,0.0,11.2
2023-10-14,24.0,73,13.2,37.2
2023-10-15,23.0,69,10.6,34.7
2023-10-16,20.2,83,4.9,18.6
2023-10-17,18.8,82,8.2,33.4
2023-10-18,19.2,75,0.0,11.0
2023-10-19,20.6,70,0.0,9.3
2023-10-20,21.1,71,0.0,9.5
2023-10-21,21.5,70,0.0,9.8
2023-10-22,21.1,78,0.0,16.7
2023-10-23,21.6,75,0.0,11.2
2023-10-24,21.9,69,0.0,7.8
2023-10-25,22.1,69,0.0,9.2
2023-10-26,21.9,73,0.0,8.9
2023-10-27,22.2,73,0.0,8.2
2023-10-28,22.8,74,0.0,8.2
2023-10-29,23.4,73,0.0,7.9
2023-10-30,22.7,74,0.0,8.8
2023-10-31,22.8,74,0.0,8.4
2023-11-01,22.5,78,0.1,17.3
2023-11-02,21.5,81,0.7,17.7
2023-11-03,21.9,71,0.0,17.7
2023-11-04,21.5,68,0.0,9.0
2023-11-05,21.5,71,0.0,8.0
2023-11-06,21.1,74,0.0,11.5
2023-11-07,21.1,76,0.0,16.3
2023-11-08,20.1,80,1.6,11.6
2023-11-09,19.9,79,2.3,17.6
2023-11-10,17.5,87,9.6,18.1
2023-11-11,17.2,83,0.0,10.2
2023-11-12,17.6,79,0.0,10.3
2023-11-13,17.7,80,0.0,9.0
2023-11-14,17.9,81,0.0,10.2
2023-11-15,18.0,79,0.0,10.4
2023-11-16,18.3,77,0.0,7.9
2023-11-17,18.1,79,0.0,9.9
2023-11-18,17.6,78,0.0,9.8
2023-11-19,17.5,75,0.0,10.5
2023-11-20,17.8,69,0.0,11.2
2023-11-21,17.1,70,0.0,14.1
2023-11-22,16.7,77,0.0,9.0
2023-11-23,16.5,74,0.0,9.7
2023-11-24,16.5,81,0.0,10.9
2023-11-25,15.7,80,0.0,9.6
2023-11-26,16.7,84,0.0,9.6
2023-11-27,16.8,84,1.6,11.4
2023-11-28,16.9,82,0.0,9.2
2023-11-29,17.8,83,0.0,8.2
2023-11-30,16.2,87,11.9,17.9
2023-12-01,15.6,82,0.0,10.8
2023-12-02,15.5,81,0.0,9.5
2023-12-03,15.8,81,0.0,10.0
2023-12-04,15.4,84,0.0,9.6
2023-12-05,14.6,88,0.0,10.2
2023-12-06,14.8,80,0.0,12.0
2023-12-07,14.8,79,0.0,10.8
2023-12-08,14.5,79,0.0,10.4
2023-12-09,14.1,80,0.0,9.8
2023-12-10,13.8,75,0.0,11.0
2023-12-11,13.5,77,0.0,7.5
2023-12-12,13.4,80,0.0,8.9
2023-12-13,12.9,81,0.0,10.3
2023-12-14,13.4,78,0.0,10.0
2023-12-15,14.1,75,0.0,8.8
2023-12-16,13.0,81,0.1,9.2
2023-12-17,11.9,86,0.0,9.5
2023-12-18,12.6,76,0.0,11.4
2023-12-19,11.7,77,0.0,10.1
2023-12-20,12.2,81,0.0,10.0
2023-12-21,11.8,85,0.0,7.2
2023-12-22,11.8,91,0.0,9.7
2023-12-23,14.2,87,0.0,14.9
2023-12-24,13.5,88,0.0,11.0
2023-12-25,13.0,86,0.0,9.7
2023-12-26,13.2,86,0.0,8.4
2023-12-27,12.8,90,0.0,10.0
2023-12-28,12.1,93,0.0,10.4
2023-12-29,11.8,94,0.0,8.9
2023-12-30,10.7,92,0.0,7.2
2023-12-31,9.2,93,0.0,8.4
2024-01-01,9.5,93,0.0,6.0
2024-01-02,8.2,93,0.0,7.9
2024-01-03,7.4,92,0.0,7.9
2024-01-04,8.4,91,0.0,8.2
2024-01-05,7.7,91,0.0,6.9
2024-01-06,7.6,93,0.0,8.3
2024-01-07,7.3,94,0.0,6.6
2024-01-08,6.9,93,0.0,7.7
2024-01-09,7.4,91,0.2,6.8
2024-01-10,7.2,93,0.0,10.9
2024-01-11,7.6,92,0.0,9.0
2024-01-12,7.4,94,0.0,10.7
2024-01-13,8.5,93,0.0,7.7
2024-01-14,7.7,92,0.0,8.2
2024-01-15,6.9,93,0.0,9.8
2024-01-16,6.6,92,0.0,8.0
2024-01-17,8.4,92,0.0,6.1
2024-01-18,8.5,94,0.0,6.5
2024-01-19,8.3,93,0.0,9.2
2024-01-20,8.3,91,0.0,9.5
2024-01-21,7.4,93,0.0,10.0
2024-01-22,7.3,92,0.0,9.7
2024-01-23,7.8,90,0.0,7.7
2024-01-24,7.6,93,0.0,7.6
2024-01-25,8.2,93,0.0,8.0
2024-01-26,11.1,85,0.0,10.4
2024-01-27,11.7,82,0.0,11.6
2024-01-28,12.4,84,0.0,10.3
2024-01-29,12.5,86,0.0,10.2
2024-01-30,13.3,83,2.1,14.7
2024-01-31,13.7,88,22.6,17.9
2024-02-01,12.9,87,10.6,24.0
2024-02-02,11.2,82,0.0,11.8
2024-02-03,12.4,69,1.4,13.9
2024-02-04,12.0,84,5.1,14.1
2024-02-05,10.4,84,0.0,9.7
2024-02-06,10.9,72,0.0,11.5
2024-02-07,11.0,68,0.0,17.3
2024-02-08,12.6,58,0.0,17.7
2024-02-09,12.8,68,0.0,11.6
2024-02-10,13.2,75,0.0,8.9
2024-02-11,14.7,66,0.0,7.5
2024-02-12,14.5,72,0.0,7.5
2024-02-13,14.9,72,0.0,9.2
2024-02-14,14.3,70,0.0,11.4
2024-02-15,14.9,63,0.0,10.9
2024-02-16,14.9,66,0.0,11.1
2024-02-17,16.2,66,0.0,9.6
2024-02-18,15.9,77,0.0,21.9
2024-02-19,17.5,73,9.0,29.9
2024-02-20,15.8,83,1.2,19.1
2024-02-21,13.9,76,0.0,22.9
2024-02-22,13.4,62,0.1,11.5
2024-02-23,13.3,56,0.0,10.5
2024-02-24,13.5,56,0.0,11.9
2024-02-25,13.2,59,0.0,10.8
2024-02-26,14.0,57,0.0,11.9
2024-02-27,15.6,60,0.0,15.3
2024-02-28,15.1,64,0.0,12.8
2024-02-29,16.9,64,0.0,12.0
2024-03-01,16.8,76,7.1,19.1
2024-03-02,17.2,79,13.8,35.0
2024-03-03,12.2,47,0.0,19.1
2024-03-04,11.6,57,0.0,12.8
2024-03-05,12.7,55,0.0,10.5
2024-03-06,13.3,59,0.0,10.0
2024-03-07,15.9,59,1.6,17.9
2024-03-08,15.8,60,0.0,14.3
2024-03-09,16.7,53,0.0,15.8
2024-03-10,17.9,54,0.0,11.2
2024-03-11,17.1,66,2.1,15.5
2024-03-12,18.3,63,0.0,13.2
2024-03-13,16.5,71,0.6,17.4
2024-03-14,18.2,63,0.0,22.1
2024-03-15,18.3,49,0.0,16.5
2024-03-16,19.1,50,0.0,12.6
2024-03-17,20.1,48,0.0,14.6
2024-03-18,20.6,45,0.0,15.2
2024-03-19,21.4,47,0.0,10.6
2024-03-20,22.6,47,0.0,11.7
2024-03-21,23.5,50,0.0,17.9
2024-03-22,23.0,62,0.7,20.4
2024-03-23,23.7,51,0.0,14.2
2024-03-24,22.9,61,1.3,28.6
2024-03-25,24.0,52,0.0,16.5
2024-03-26,23.6,58,0.0,9.6
2024-03-27,23.7,67,1.2,22.8
2024-03-28,24.0,59,0.1,25.8
2024-03-29,24.4,59,0.1,17.9
2024-03-30,23.2,62,4.4,25.7
2024-03-31,21.4,60,0.0,22.3
2024-04-01,20.4,58,0.0,13.4
2024-04-02,21.6,57,0.0,9.8
2024-04-03,23.3,48,0.1,21.1
2024-04-04,23.6,44,0.0,15.7
2024-04-05,24.0,41,0.0,17.3
2024-04-06,23.2,40,0.0,16.8
2024-04-07,23.7,39,0.0,16.5
2024-04-08,24.4,39,0.0,15.5
2024-04-09,24.8,36,0.0,11.5
2024-04-10,25.2,38,0.1,21.3
2024-04-11,26.0,39,0.0,20.6
2024-04-12,26.2,41,0.0,13.4
2024-04-13,24.4,49,1.0,22.6
2024-04-14,23.1,66,4.0,15.0
2024-04-15,22.9,74,10.1,19.5
2024-04-16,23.1,68,0.0,14.4
2024-04-17,24.3,54,0.0,16.9
2024-04-18,25.3,52,0.0,24.6
2024-04-19,23.9,60,3.2,29.1
2024-04-20,23.5,61,0.1,14.0
2024-04-21,24.4,55,0.0,20.3
2024-04-22,25.1,50,0.0,15.5
2024-04-23,24.8,50,0.0,14.8
2024-04-24,25.3,48,0.0,19.8
2024-04-25,27.1,41,0.0,15.0
2024-04-26,27.1,44,1.4,26.0
2024-04-27,25.6,46,0.0,19.7
2024-04-28,25.8,47,0.0,15.6
2024-04-29,23.3,54,5.1,23.2
2024-04-30,22.5,53,0.2,35.0
2024-05-01,22.2,45,0.0,18.9
2024-05-02,25.3,36,0.0,14.8
2024-05-03,27.3,37,0.0,11.8
2024-05-04,28.8,37,0.0,19.2
2024-05-05,29.8,36,0.0,19.4
2024-05-06,30.4,33,0.0,14.3
2024-05-07,31.6,28,0.0,16.6
2024-05-08,31.5,25,0.0,13.4
2024-05-09,31.9,32,0.0,22.3
2024-05-10,31.2,39,0.0,24.2
2024-05-11,29.8,48,0.0,14.7
2024-05-12,28.5,50,1.1,21.7
2024-05-13,29.5,37,0.0,14.0
2024-05-14,30.5,30,0.0,15.6
2024-05-15,31.1,35,0.0,14.1
2024-05-16,33.0,29,0.0,17.4
2024-05-17,32.6,31,0.0,21.4
2024-05-18,33.6,28,0.0,20.5
2024-05-19,33.4,30,0.0,21.3
2024-05-20,33.2,30,0.0,13.8
2024-05-21,33.9,26,0.0,14.7
2024-05-22,34.1,30,0.0,11.2
2024-05-23,34.2,33,0.0,21.9
2024-05-24,34.1,36,0.1,22.1
2024-05-25,34.5,29,0.0,20.7
2024-05-26,35.0,28,0.0,14.8
2024-05-27,34.8,26,0.0,14.0
2024-05-28,35.1,22,0.0,13.4
2024-05-29,35.8,19,0.0,23.7
2024-05-30,35.1,19,0.0,21.1
2024-05-31,35.6,18,0.0,15.4
2024-06-01,35.8,17,0.0,16.6
2024-06-02,35.6,22,0.0,16.5
2024-06-03,36.3,21,0.0,22.6
2024-06-04,34.7,26,1.7,21.4
2024-06-05,32.3,33,0.4,27.3
2024-06-06,31.2,42,0.2,28.7
2024-06-07,31.4,40,0.1,23.1
2024-06-08,31.6,37,0.0,14.4
2024-06-09,32.8,31,0.0,17.7
2024-06-10,33.7,26,0.0,16.0
2024-06-11,34.2,25,0.0,15.3
2024-06-12,35.4,23,0.0,14.6
2024-06-13,34.9,29,0.3,36.7
2024-06-14,35.6,29,0.0,18.2
2024-06-15,35.5,30,0.0,19.7
2024-06-16,36.7,32,0.0,16.8
2024-06-17,37.4,31,0.0,18.0
2024-06-18,36.7,33,0.0,23.8
2024-06-19,36.0,36,0.3,14.5
2024-06-20,32.3,50,2.3,29.9
2024-06-21,31.2,57,0.7,18.7
2024-06-22,32.1,50,0.0,9.5
2024-06-23,33.7,41,0.0,9.8
2024-06-24,34.8,34,0.0,9.2
2024-06-25,34.5,43,0.0,14.5
2024-06-26,35.8,43,0.0,18.9
2024-06-27,32.9,61,1.6,23.9
2024-06-28,33.7,55,0.0,16.8
2024-06-29,34.2,54,0.0,11.9
2024-06-30,33.3,60,7.3,13.0
2024-07-01,33.5,63,0.9,17.4
2024-07-02,33.5,67,1.2,21.2
2024-07-03,32.0,74,3.2,27.4
2024-07-04,30.0,76,7.3,24.5
2024-07-05,30.8,73,1.0,15.5
2024-07-06,28.7,80,14.9,18.4
2024-07-07,28.6,79,16.9,16.2
2024-07-08,30.5,73,0.1,12.2
2024-07-09,31.0,71,0.2,13.2
2024-07-10,31.5,72,1.7,16.6
2024-07-11,32.5,70,0.7,12.3
2024-07-12,29.8,74,7.6,19.7
2024-07-13,29.3,73,0.1,9.2
2024-07-14,30.0,74,0.2,11.5
2024-07-15,31.5,68,0.0,8.8
2024-07-16,32.1,69,0.0,10.6
2024-07-17,32.6,70,0.7,12.6
2024-07-18,31.2,74,2.2,22.6
2024-07-19,32.6,68,0.0,9.5
2024-07-20,33.1,67,0.1,14.8
2024-07-21,32.8,68,0.0,16.6
2024-07-22,32.6,70,0.7,16.9
2024-07-23,31.6,70,0.0,20.4
2024-07-24,32.1,70,0.1,13.4
2024-07-25,31.5,72,10.5,12.6
2024-07-26,31.6,73,0.2,15.4
2024-07-27,32.3,74,1.1,16.0
2024-07-28,31.9,75,3.1,13.8
2024-07-29,29.9,83,17.5,18.4
2024-07-30,31.6,78,6.3,13.5
2024-07-31,32.3,77,26.4,14.0
2024-08-01,26.8,94,93.9,21.6
2024-08-02,29.9,81,1.2,10.5
2024-08-03,29.6,81,8.5,18.2
2024-08-04,28.9,85,30.1,13.7
2024-08-05,29.9,81,9.8,9.2
2024-08-06,30.7,75,0.4,7.9
2024-08-07,29.5,81,1.5,14.7
2024-08-08,28.8,83,1.3,14.0
2024-08-09,29.1,82,1.7,15.4
2024-08-10,28.7,85,7.0,13.8
2024-08-11,27.4,88,10.5,16.9
2024-08-12,28.1,83,0.3,9.7
2024-08-13,29.6,81,0.4,10.2
2024-08-14,30.6,77,0.6,8.7
2024-08-15,28.6,88,26.4,15.9
2024-08-16,29.1,84,16.9,15.2
2024-08-17,27.7,88,17.6,16.5
2024-08-18,28.9,85,0.0,13.7
2024-08-19,28.6,86,17.4,10.4
2024-08-20,28.8,82,2.7,11.5
2024-08-21,28.7,82,9.9,8.5
2024-08-22,29.6,80,0.1,6.5
2024-08-23,29.5,79,0.3,15.2
2024-08-24,29.4,79,2.0,23.7
2024-08-25,29.4,80,0.0,9.7
2024-08-26,29.6,80,1.7,9.7
2024-08-27,28.2,83,0.8,18.6
2024-08-28,26.7,89,27.7,13.0
2024-08-29,25.9,90,31.4,24.6
2024-08-30,27.3,83,1.3,14.8
2024-08-31,28.5,82,0.0,11.0
2024-09-01,29.7,78,0.1,6.3
2024-09-02,28.4,85,8.9,12.9
2024-09-03,26.7,90,12.9,11.0
2024-09-04,27.5,86,1.2,6.3
2024-09-05,27.2,84,2.1,13.1
2024-09-06,27.8,84,2.8,23.4
2024-09-07,27.4,82,9.1,16.1
2024-09-08,28.2,81,0.0,9.2
2024-09-09,29.3,77,0.0,6.3
2024-09-10,28.3,82,5.7,14.8
2024-09-11,28.7,81,0.2,16.5
2024-09-12,29.9,73,0.0,12.9
2024-09-13,28.9,77,0.0,13.3
2024-09-14,28.3,76,0.0,17.1
2024-09-15,28.8,70,0.0,8.4
2024-09-16,28.6,67,0.0,8.0
2024-09-17,29.1,68,0.0,10.3
2024-09-18,28.6,71,0.0,12.7
2024-09-19,27.1,75,0.4,21.9
2024-09-20,28.1,72,0.0,7.6
2024-09-21,29.0,68,0.0,8.4
2024-09-22,30.2,68,0.0,9.7
2024-09-23,31.0,66,0.0,8.8
2024-09-24,31.0,65,0.0,8.8
2024-09-25,30.3,69,0.0,8.4
2024-09-26,29.0,75,0.2,21.3
2024-09-27,28.6,76,0.0,12.8
2024-09-28,27.2,78,13.0,24.8
2024-09-29,27.8,73,0.0,7.8
2024-09-30,28.2,77,0.0,13.4
2024-10-01,29.1,75,0.0,9.3
2024-10-02,29.5,69,0.0,10.6
2024-10-03,28.5,68,0.0,7.8
2024-10-04,28.2,64,0.0,10.3
2024-10-05,26.9,67,0.3,29.3
2024-10-06,24.9,76,0.9,22.5
2024-10-07,25.6,74,0.0,8.8
2024-10-08,24.0,82,11.5,27.4
2024-10-09,24.8,67,0.0,11.1
2024-10-10,24.6,65,0.0,11.6
2024-10-11,25.0,65,0.0,13.2
2024-10-12,25.4,64,0.0,8.5
2024-10-13,24.8,66,0.0,10.3
2024-10-14,24.6,62,0.0,11.2
2024-10-15,24.4,63,0.0,10.7
2024-10-16,24.7,63,0.0,10.2
2024-10-17,24.7,63,0.0,9.7
2024-10-18,25.4,65,0.0,8.9
2024-10-19,25.8,63,0.0,8.1
2024-10-20,25.1,67,0.0,8.9
2024-10-21,24.6,69,0.0,7.7
2024-10-22,25.0,66,0.0,9.2
2024-10-23,25.0,68,0.0,14.9
2024-10-24,24.8,66,0.0,12.3
2024-10-25,24.6,66,0.0,12.8
2024-10-26,24.0,66,0.0,10.1
2024-10-27,24.3,69,0.0,8.5
2024-10-28,24.8,71,0.0,10.4
2024-10-29,25.6,68,0.0,12.5
2024-10-30,25.2,66,0.0,12.6
2024-10-31,24.3,62,0.0,13.5
2024-11-01,22.8,62,0.0,10.4
2024-11-02,22.2,66,0.0,8.8
2024-11-03,23.1,63,0.0,8.4
2024-11-04,22.5,73,0.0,9.3
2024-11-05,22.7,71,0.0,10.0
2024-11-06,23.0,72,0.0,6.8
2024-11-07,23.2,75,0.0,9.0
2024-11-08,22.5,80,0.0,8.8
2024-11-09,22.3,80,0.0,8.0
2024-11-10,22.4,79,0.0,8.7
2024-11-11,21.6,81,0.0,11.1
2024-11-12,21.6,81,0.0,9.9
2024-11-13,21.5,80,0.0,4.9
2024-11-14,20.9,80,0.0,7.2
2024-11-15,20.0,82,0.0,5.1
2024-11-16,18.8,82,0.6,19.9
2024-11-17,18.3,83,0.0,6.0
2024-11-18,18.3,70,0.0,5.8
2024-11-19,17.9,71,0.0,5.9
2024-11-20,17.8,75,0.0,6.0
2024-11-21,17.5,77,0.0,4.0
2024-11-22,17.9,74,0.0,7.2
2024-11-23,17.9,74,1.6,17.1
2024-11-24,18.3,71,0.0,10.0
2024-11-25,18.0,69,0.0,7.5
2024-11-26,17.8,69,0.0,6.0
2024-11-27,17.0,73,0.0,4.2
2024-11-28,17.2,75,0.0,4.9
2024-11-29,17.3,76,0.0,5.7
2024-11-30,17.6,71,1.4,7.6
2024-12-01,17.2,75,0.0,5.6
2024-12-02,18.1,71,0.0,6.8
2024-12-03,18.5,67,0.1,7.9
2024-12-04,17.0,55,0.0,9.0
2024-12-05,16.0,54,0.0,8.1
2024-12-06,15.2,60,0.0,8.2
2024-12-07,14.2,67,0.0,6.4
2024-12-08,12.6,68,2.3,12.4
2024-12-09,12.8,64,0.0,6.6
2024-12-10,12.5,54,0.0,8.2
2024-12-11,12.4,61,0.0,8.1
2024-12-12,12.2,66,0.0,8.5
2024-12-13,12.8,54,0.0,11.6
2024-12-14,12.2,58,0.0,7.5
2024-12-15,12.2,67,0.0,6.7
2024-12-16,11.5,73,0.0,3.9
2024-12-17,11.3,75,0.0,4.8
2024-12-18,12.1,72,0.0,5.2
2024-12-19,11.5,73,0.0,5.9
2024-12-20,12.1,73,0.0,6.2
2024-12-21,11.9,68,0.0,6.4
2024-12-22,12.3,71,0.0,7.5
2024-12-23,11.2,85,2.7,10.4
2024-12-24,12.2,75,0.0,7.4
2024-12-25,13.0,73,0.0,6.5
2024-12-26,13.3,72,0.0,6.4
2024-12-27,12.1,83,0.7,10.9
2024-12-28,12.1,87,0.0,5.9
2024-12-29,11.9,86,0.0,8.0
2024-12-30,11.3,80,0.0,6.3
2024-12-31,10.4,89,0.0,5.8
